(no author) = no_author <no_author@no_author.cvs2svn>
jklemm = Juli Klemm <klemmj@mail.nih.gov>
beasleyj = Johnita Beasley <beasleyj>
cais = Shuang Cai <cais>
chand = Denny Chan <chand>
chenhang = Hangjiong Chen <chenhang>
doswellj = Jayfus Doswell <doswellj>
duvallp = Paul Duvall <duvallp>
elkins = Sarah Elkins <elkinssm@mail.nih.gov>
elkinssm = Sarah Elkins <elkinssm@mail.nih.gov>
gaheens = Sharon Gaheen <gaheens@mail.nih.gov>
houy = Henry Hou <houy>
kambampatim = Madhavi Kambampati <madhavi.kambampati@nih.gov>
lethai = lethai <lethai>
mcmahonj = Jim McMahon <jim.mcmahon@nih.gov>
narram = Mahi Narra <mahi.narra@nih.gov>
pansu = Sue Pan <sue.pan@nih.gov>
phungqh = Quy Phung <phungqh>
prakasht = Thaigarajan Prakash <thiagarajan.prakash@nih.gov>
root = root <root>
settneks = Sharon Gaheen <gaheens@mail.nih.gov>
svnuser = svnuser <svnuser>
tanq = Qina Tan <tanq>
thangars = thangars <thangars>
zengje = Jennifer Zeng <zengje>
zhouji = Jim Zhou <zhoujim@mail.nih.gov>
jacobss2 = Shine Jacob <jacobss2@mail.nih.gov>
briandavis = Dr. Brian Davis <bdavis@3rdmill.com>
ehahndantona = 	 Elizabeth Hahn-Dantona <ehahndantona>
jennifer = Jennifer Hall <jhall@ncifcrf.gov>
hadfielj = Jill Hadfield <hadfielj@mail.nih.gov>
lijowskim = Michal Lijowski <mlijowski@nabgroup.org>
pjones = Peter Jones <plj2@wustl.edu>
raghu = Raghu Narasimha <raghu@scigrp.com>
swturner = Dr Stuart Turner<turner.stuart@gmail.com>
lethai = Thai Le <lethai>
tstokes = Todd Stokes <todd.stokes@bme.gatech.edu>
wuye = Ye Wu <wuye@mail.nih.gov>
huy = Yiming Hu <huy>